class,lstm_precision,lstm_recall,lstm_accuracy,lstm_f1,lstm_support,lstm_latency_ms_mean,lstm_latency_samples,gru_precision,gru_recall,gru_accuracy,gru_f1,gru_support,gru_latency_ms_mean,gru_latency_samples,gru_mha_precision,gru_mha_recall,gru_mha_accuracy,gru_mha_f1,gru_mha_support,gru_mha_latency_ms_mean,gru_mha_latency_samples
BANK,0.666667,1.0,1.0,0.8,4,1.9524,4,0.8,1.0,1.0,0.888889,4,1.6557,4,1.0,1.0,1.0,1.0,4,2.1447,4
BIG,0.6,1.0,1.0,0.75,3,2.0111,3,0.5,0.666667,0.666667,0.571429,3,1.7468,3,1.0,1.0,1.0,1.0,3,2.1994,3
BIRD,1.0,1.0,1.0,1.0,3,2.2024,3,0.75,1.0,1.0,0.857143,3,2.002,3,1.0,1.0,1.0,1.0,3,2.2472,3
BLACK,0.6,1.0,1.0,0.75,3,2.0685,3,1.0,1.0,1.0,1.0,3,2.0609,3,1.0,1.0,1.0,1.0,3,2.0764,3
BOY,1.0,0.333333,0.333333,0.5,3,1.9688,3,1.0,0.333333,0.333333,0.5,3,1.6426,3,1.0,0.666667,0.666667,0.8,3,2.676,3
BROTHER,1.0,1.0,1.0,1.0,3,2.103,3,1.0,1.0,1.0,1.0,3,1.7777,3,1.0,1.0,1.0,1.0,3,2.8997,3
CAR,0.75,1.0,1.0,0.857143,3,2.0909,3,0.6,1.0,1.0,0.75,3,2.2004,3,0.75,1.0,1.0,0.857143,3,2.2424,3
CELL_PHONE,0.0,0.0,0.0,0.0,3,1.904,3,0.0,0.0,0.0,0.0,3,1.675,3,0.0,0.0,0.0,0.0,3,2.5971,3
COURT,1.0,1.0,1.0,1.0,4,1.9105,4,1.0,0.75,0.75,0.857143,4,1.7192,4,1.0,1.0,1.0,1.0,4,3.1645,4
COW,1.0,1.0,1.0,1.0,3,2.2132,3,1.0,1.0,1.0,1.0,3,1.7746,3,1.0,1.0,1.0,1.0,3,2.4332,3
DEATH,1.0,0.333333,0.333333,0.5,3,2.0929,3,1.0,1.0,1.0,1.0,3,1.7899,3,1.0,1.0,1.0,1.0,3,2.0552,3
DOG,0.666667,0.666667,0.666667,0.666667,3,2.0883,3,0.5,0.666667,0.666667,0.571429,3,2.4146,3,1.0,1.0,1.0,1.0,3,2.12,3
DRY,1.0,1.0,1.0,1.0,3,2.1588,3,1.0,1.0,1.0,1.0,3,1.732,3,1.0,1.0,1.0,1.0,3,3.3136,3
ELECTION,0.0,0.0,0.0,0.0,3,2.2171,3,0.0,0.0,0.0,0.0,3,1.7028,3,0.0,0.0,0.0,0.0,3,2.052,3
FALL,0.0,0.0,0.0,0.0,3,2.0792,3,0.0,0.0,0.0,0.0,3,3.6007,3,0.0,0.0,0.0,0.0,3,2.0965,3
FAN,0.0,0.0,0.0,0.0,3,2.1548,3,0.0,0.0,0.0,0.0,3,1.7369,3,0.0,0.0,0.0,0.0,3,2.1161,3
FATHER,0.6,1.0,1.0,0.75,3,1.9336,3,0.75,1.0,1.0,0.857143,3,2.6258,3,0.5,1.0,1.0,0.666667,3,2.053,3
GIRL,0.142857,0.333333,0.333333,0.2,3,2.0222,3,0.0,0.0,0.0,0.0,3,1.7174,3,0.0,0.0,0.0,0.0,3,2.8155,3
GOOD,1.0,1.0,1.0,1.0,3,2.0319,3,0.75,1.0,1.0,0.857143,3,1.7555,3,1.0,1.0,1.0,1.0,3,2.7764,3
GOOD_MORNING,0.333333,1.0,1.0,0.5,3,2.0355,3,0.375,1.0,1.0,0.545455,3,2.2951,3,0.375,1.0,1.0,0.545455,3,2.1895,3
HAPPY,0.75,1.0,1.0,0.857143,3,2.2422,3,0.6,1.0,1.0,0.75,3,1.9931,3,1.0,1.0,1.0,1.0,3,2.1544,3
HAT,0.5,1.0,1.0,0.666667,3,2.1374,3,0.4,0.666667,0.666667,0.5,3,1.8736,3,0.5,1.0,1.0,0.666667,3,2.0954,3
HELLO,0.0,0.0,0.0,0.0,3,1.8136,3,0.5,1.0,1.0,0.666667,3,1.7148,3,0.0,0.0,0.0,0.0,3,2.1477,3
HOT,0.0,0.0,0.0,0.0,3,1.8368,3,0.0,0.0,0.0,0.0,3,1.7186,3,0.666667,0.666667,0.666667,0.666667,3,2.7521,3
HOUSE,0.5,0.75,0.75,0.6,4,2.1667,4,0.5,0.25,0.25,0.333333,4,1.7415,4,1.0,1.0,1.0,1.0,4,3.2885,4
IT,1.0,1.0,1.0,1.0,3,2.0747,3,0.428571,1.0,1.0,0.6,3,1.6488,3,1.0,1.0,1.0,1.0,3,2.072,3
LITTLE,1.0,1.0,1.0,1.0,3,2.2277,3,1.0,0.333333,0.333333,0.5,3,2.1193,3,1.0,1.0,1.0,1.0,3,2.9206,3
LONG,0.6,1.0,1.0,0.75,3,2.2544,3,0.75,1.0,1.0,0.857143,3,1.6396,3,0.75,1.0,1.0,0.857143,3,2.2455,3
LOUD,1.0,0.333333,0.333333,0.5,3,2.2161,3,0.5,0.333333,0.333333,0.4,3,2.4645,3,1.0,1.0,1.0,1.0,3,2.29,3
ME,0.5,1.0,1.0,0.666667,3,2.0881,3,0.5,1.0,1.0,0.666667,3,1.6396,3,0.5,1.0,1.0,0.666667,3,2.1216,3
MONDAY,0.75,1.0,1.0,0.857143,3,1.9406,3,0.75,1.0,1.0,0.857143,3,1.6611,3,1.0,1.0,1.0,1.0,3,2.1451,3
NEW,1.0,1.0,1.0,1.0,3,2.0291,3,1.0,0.666667,0.666667,0.8,3,1.7711,3,1.0,1.0,1.0,1.0,3,2.2784,3
PAINT,0.0,0.0,0.0,0.0,3,1.8948,3,0.0,0.0,0.0,0.0,3,1.8002,3,0.0,0.0,0.0,0.0,3,2.3453,3
PEN,0.0,0.0,0.0,0.0,3,1.8523,3,0.0,0.0,0.0,0.0,3,1.7982,3,1.0,0.333333,0.333333,0.5,3,2.1219,3
PRIEST,1.0,0.666667,0.666667,0.8,3,2.0962,3,1.0,1.0,1.0,1.0,3,1.853,3,1.0,1.0,1.0,1.0,3,2.5498,3
QUIET,1.0,1.0,1.0,1.0,3,2.5756,3,0.75,1.0,1.0,0.857143,3,2.2917,3,1.0,1.0,1.0,1.0,3,2.1511,3
RED,0.75,1.0,1.0,0.857143,3,2.1555,3,1.0,1.0,1.0,1.0,3,1.8102,3,0.5,1.0,1.0,0.666667,3,1.9881,3
SHOE,0.2,0.333333,0.333333,0.25,3,2.0974,3,0.0,0.0,0.0,0.0,3,1.7482,3,0.5,1.0,1.0,0.666667,3,2.0508,3
SHOP,1.0,0.75,0.75,0.857143,4,2.0198,4,1.0,1.0,1.0,1.0,4,1.6031,4,1.0,1.0,1.0,1.0,4,2.1704,4
SHORT,0.0,0.0,0.0,0.0,3,1.9726,3,0.0,0.0,0.0,0.0,3,1.7153,3,1.0,0.333333,0.333333,0.5,3,2.4285,3
SUMMER,0.333333,0.333333,0.333333,0.333333,3,2.1573,3,1.0,1.0,1.0,1.0,3,1.8029,3,1.0,1.0,1.0,1.0,3,1.9679,3
T-SHIRT,0.6,1.0,1.0,0.75,3,1.9923,3,0.428571,1.0,1.0,0.6,3,1.6884,3,1.0,0.333333,0.333333,0.5,3,1.9875,3
TEACHER,0.75,1.0,1.0,0.857143,3,1.9504,3,0.6,1.0,1.0,0.75,3,1.6914,3,1.0,1.0,1.0,1.0,3,2.1747,3
THANK_YOU,0.0,0.0,0.0,0.0,3,2.0757,3,1.0,0.333333,0.333333,0.5,3,1.6419,3,0.428571,1.0,1.0,0.6,3,1.9934,3
TIME,1.0,1.0,1.0,1.0,3,2.1477,3,0.0,0.0,0.0,0.0,3,1.7322,3,1.0,1.0,1.0,1.0,3,2.3069,3
TRAIN_TICKET,1.0,0.333333,0.333333,0.5,3,1.9173,3,0.0,0.0,0.0,0.0,3,1.8459,3,0.0,0.0,0.0,0.0,3,2.6349,3
WHITE,1.0,0.666667,0.666667,0.8,3,2.1491,3,1.0,1.0,1.0,1.0,3,2.0143,3,1.0,1.0,1.0,1.0,3,2.281,3
WINDOW,1.0,1.0,1.0,1.0,3,2.1168,3,1.0,0.333333,0.333333,0.5,3,1.6681,3,1.0,1.0,1.0,1.0,3,1.9907,3
YEAR,0.5,1.0,1.0,0.666667,3,2.0396,3,0.375,1.0,1.0,0.545455,3,1.6391,3,0.6,1.0,1.0,0.75,3,1.9974,3
YOU_PLURAL,0.0,0.0,0.0,0.0,3,2.0122,3,0.0,0.0,0.0,0.0,3,1.6843,3,0.0,0.0,0.0,0.0,3,2.1066,3
